{
  "area": 0.06080014894395663,
  "energy": 5.022737131177685e-09,
  "latency": 2.6490491603111194e-06
}
