{
  "area": 2.0919091200000003e-05,
  "energy": 1.344002243749649e-14,
  "latency": 3.797158485041128e-10
}
