{
  "area": 0.009728169656804732,
  "energy": 8.267015384615383e-14,
  "latency": 6.059171597633137e-11
}
