{
  "area": 2.6148864000000004e-06,
  "energy": 2.7221313643479367e-15,
  "latency": 5e-10
}
