{
  "area": 3.404267520000001e-05,
  "energy": 1.5025191568711023e-14,
  "latency": 2.236313600709814e-09
}
