{
  "area": 0.16186435702479338,
  "latency": 5.476280991735538e-12,
  "read_energy": 1.0493761363636364e-13,
  "write_energy": 1.1470681818181818e-13
}
